商品ｺｰﾄﾞ,商品名,売価,原価
12201001,YM-201A男子製造白衣冬型 長袖上衣  Ｓ,1500,1058
12201002,YM-201A男子製造白衣冬型 長袖上衣  Ｍ,1500,1058
12201003,YM-201A男子製造白衣冬型 長袖上衣  Ｌ,1500,1058
12201004,YM-201A男子製造白衣冬型 長袖上衣 LL,1500,1058
12201005,YM-201A男子製造白衣冬型 長袖上衣 3L,1500,1058
12201006,YM-201A男子製造白衣冬型 長袖上衣 4L,1500,1058
12201007,YM-201A男子製造白衣冬型 長袖上衣 5L,1500,1058
12201008,YM-201A男子製造白衣冬型 長袖上衣 6L,1500,1058
12201009,YM-201A男子製造白衣冬型 長袖上衣 7L,1500,1058
12202001,YM-202A男子製造白衣夏型 半袖上衣  Ｓ,1400,890
12202002,YM-202A男子製造白衣夏型 半袖上衣  Ｍ,1400,890
12202003,YM-202A男子製造白衣夏型 半袖上衣  Ｌ,1400,890
12202004,YM-202A男子製造白衣夏型 半袖上衣 LL,1400,890
12202005,YM-202A男子製造白衣夏型 半袖上衣 3L,1400,890
12202006,YM-202A男子製造白衣夏型 半袖上衣 4L,1400,890
12202007,YM-202A男子製造白衣夏型 半袖上衣 5L,1400,890
12202008,YM-202A男子製造白衣夏型 半袖上衣 6L,1400,890
12202009,YM-202A男子製造白衣夏型 半袖上衣 7L,1400,890
12203002,YM-203男子製造白衣下衣  2号,1400,973
12203004,YM-203男子製造白衣下衣  4号,1400,973
12203007,YM-203男子製造白衣下衣  7号,1400,973
12203009,YM-203男子製造白衣下衣  9号,1400,973
12203010,YM-203男子製造白衣下衣  10号,1400,973
12203011,YM-203男子製造白衣下衣  11号,1400,973
12203012,YM-203男子製造白衣下衣  12号,1400,973
12203013,YM-203男子製造白衣下衣  13号,1400,973
12203014,YM-203男子製造白衣下衣  14号,1400,973
12203015,YM-203男子製造白衣下衣  15号,1400,973
12204007,YL-204A女子製造白衣冬型長袖上衣 7号,1500,948
12204009,YL-204A女子製造白衣冬型長袖上衣 9号,1500,948
12204011,YL-204A女子製造白衣冬型長袖上衣 11号,1500,948
12204013,YL-204A女子製造白衣冬型長袖上衣 13号,1500,948
12204015,YL-204A女子製造白衣冬型長袖上衣 15号,1500,948
12204017,YL-204A女子製造白衣冬型長袖上衣 17号,1500,948
12204019,YL-204A女子製造白衣冬型長袖上衣 19号,1500,948
12204021,YL-204A女子製造白衣冬型長袖上衣 21号,1500,948
12204023,YL-204A女子製造白衣冬型長袖上衣 23号,1500,948
12204025,YL-204A女子製造白衣冬型長袖上衣 25号,1500,948
12205007,YL-205A女子製造白衣夏型半袖上衣 7号,1400,869
12205009,YL-205A女子製造白衣夏型半袖上衣 9号,1400,869
12205011,YL-205A女子製造白衣夏型半袖上衣 11号,1400,869
12205013,YL-205A女子製造白衣夏型半袖上衣 13号,1400,869
12205015,YL-205A女子製造白衣夏型半袖上衣 15号,1400,869
12205017,YL-205A女子製造白衣夏型半袖上衣 17号,1400,869
12205019,YL-205A女子製造白衣夏型半袖上衣 19号,1400,869
12205021,YL-205A女子製造白衣夏型半袖上衣 21号,1400,869
12205023,YL-205A女子製造白衣夏型半袖上衣 23号,1400,869
12205025,YL-205A女子製造白衣夏型半袖上衣 25号,1400,869
12206001,YL-206C 女子白衣下衣透け防止付 1号,1400,1103
12206002,YL-206C 女子白衣下衣透け防止付 2号,1400,1103
12206004,YL-206C 女子白衣下衣透け防止付 4号,1400,1103
12206005,YL-206C 女子白衣下衣透け防止付 5号,1400,1103
12206007,YL-206C 女子白衣下衣透け防止付 7号,1400,1103
12206008,YL-206C 女子白衣下衣透け防止付 8号,1400,1103
12206009,YL-206C 女子白衣下衣透け防止付 9号,1400,1103
12206010,YL-206C 女子白衣下衣透け防止付 10号,1400,1103
12206011,YL-206C 女子白衣下衣透け防止付 11号,1400,1103
12206012,YL-206C 女子白衣下衣透け防止付 12号,1400,1103
12206013,YL-206C 女子白衣下衣透け防止付 13号,1400,1103
12206014,YL-206C 女子白衣下衣透け防止付 14号,1400,1103
12206015,YL-206C 女子白衣下衣透け防止付 15号,1400,1103
12207000,YL-207A女子ｴﾌﾟﾛﾝ,850,485
19352720,YL-207Ｂ女子ｴﾌﾟﾛﾝ,850,480
12400000,男子胸付エプロン  Ｆ,550,338
12500000,男子胸付エプロン  Ｓ,550,338
12211001,YSW-221 製品管理服冬型上衣  Ｓ,3140,1760
12211002,YSW-221 製品管理服冬型上衣  Ｍ,3140,1760
12211003,YSW-221 製品管理服冬型上衣  Ｌ,3140,1760
12211004,YSW-221 製品管理服冬型上衣  ＬＬ,3140,1760
12211005,YSW-221 製品管理服冬型上衣  3Ｌ,3140,1760
12211006,YSW-221 製品管理服冬型上衣  4Ｌ,3140,1760
12211007,YSW-221 製品管理服冬型上衣  5Ｌ,3140,1760
12211008,YSW-221 製品管理服冬型上衣  6Ｌ,3140,1760
12212001,YSW-222 製品管理服冬型下衣  Ｓ,2540,1370
12212002,YSW-222 製品管理服冬型下衣  Ｍ,2540,1370
12212003,YSW-222 製品管理服冬型下衣  Ｌ,2540,1370
12212004,YSW-222 製品管理服冬型下衣  ＬＬ,2540,1370
12212005,YSW-222 製品管理服冬型下衣  3Ｌ,2540,1370
12212006,YSW-222 製品管理服冬型下衣  4Ｌ,2540,1370
12212007,YSW-222 製品管理服冬型下衣  5Ｌ,2540,1370
12212008,YSW-222 製品管理服冬型下衣  6Ｌ,2540,1370
12212009,YSW-222 製品管理服冬型下衣  7Ｌ,2540,1370
12221001,YSS-211 製品管理服夏型上衣  Ｓ,2240,1450
12221002,YSS-211 製品管理服夏型上衣  Ｍ,2240,1450
12221003,YSS-211 製品管理服夏型上衣  Ｌ,2240,1450
12221004,YSS-211 製品管理服夏型上衣  ＬＬ,2240,1450
12221005,YSS-211 製品管理服夏型上衣  3Ｌ,2240,1450
12221006,YSS-211 製品管理服夏型上衣  4Ｌ,2240,1450
12221007,YSS-211 製品管理服夏型上衣  5Ｌ,2240,1450
12221008,YSS-211 製品管理服夏型上衣  6Ｌ,2240,1450
12221201,YSS-211Ｂ 製品管理服夏型上衣  Ｓ,2240,1430
12221202,YSS-211Ｂ 製品管理服夏型上衣  Ｍ,2240,1430
12221203,YSS-211Ｂ 製品管理服夏型上衣  Ｌ,2240,1430
12221204,YSS-211Ｂ 製品管理服夏型上衣  ＬＬ,2240,1430
12221205,YSS-211Ｂ 製品管理服夏型上衣  3Ｌ,2240,1430
12221206,YSS-211Ｂ 製品管理服夏型上衣  4Ｌ,2240,1430
12221207,YSS-211Ｂ 製品管理服夏型上衣  5Ｌ,2240,1430
12221208,YSS-211Ｂ 製品管理服夏型上衣  6Ｌ,2240,1430
12222001,YSS-212 製品管理服夏型下衣  Ｓ,2280,1410
12222002,YSS-212 製品管理服夏型下衣  Ｍ,2280,1410
12222003,YSS-212 製品管理服夏型下衣  Ｌ,2280,1410
12222004,YSS-212 製品管理服夏型下衣  ＬＬ,2280,1410
12222005,YSS-212 製品管理服夏型下衣  3Ｌ,2280,1410
12222006,YSS-212 製品管理服夏型下衣  4Ｌ,2280,1410
12222007,YSS-212 製品管理服夏型下衣  5Ｌ,2280,1410
12222008,YSS-212 製品管理服夏型下衣  6Ｌ,2280,1410
12222009,YSS-212 製品管理服夏型下衣  7Ｌ,2280,1410
12300001,YKF-1工務服冬型上衣  Ｓ,3360,2400
12300002,YKF-1工務服冬型上衣  Ｍ,3360,2400
12300003,YKF-1工務服冬型上衣  Ｌ,3360,2400
12300004,YKF-1工務服冬型上衣  ＬＬ,3360,2400
12300005,YKF-1工務服冬型上衣  3Ｌ,3360,2400
12300006,YKF-1工務服冬型上衣  4Ｌ,3360,2400
12300007,YKF-1工務服冬型上衣  5Ｌ,3360,2400
12300008,YKF-1工務服冬型上衣  6Ｌ,3360,2400
12300009,YKF-1工務服冬型上衣  7Ｌ,3360,2400
12310001,YKF-2工務服冬型下衣  Ｓ,2580,2000
12310002,YKF-2工務服冬型下衣  Ｍ,2580,2000
12310003,YKF-2工務服冬型下衣  Ｌ,2580,2000
12310004,YKF-2工務服冬型下衣  ＬＬ,2580,2000
12310005,YKF-2工務服冬型下衣  3Ｌ,2580,2000
12310006,YKF-2工務服冬型下衣  4Ｌ,2580,2000
12310007,YKF-2工務服冬型下衣  5Ｌ,2580,2000
12310008,YKF-2工務服冬型下衣  6Ｌ,2580,2000
12310009,YKF-2工務服冬型下衣  7Ｌ,2580,2000
12100001,ＹＫＮ－１Ｂ工務服夏型上着【長袖】　　　Ｓ,3320,2680
12100002,ＹＫＮ－１Ｂ工務服夏型上着【長袖】　　　Ｍ,3320,2680
12100003,ＹＫＮ－１Ｂ工務服夏型上着【長袖】　　　Ｌ,3320,2680
12100004,ＹＫＮ－１Ｂ工務服夏型上着【長袖】　　　ＬＬ,3320,2680
12100005,ＹＫＮ－１Ｂ工務服夏型上着【長袖】　　　３Ｌ,3320,2680
12100006,ＹＫＮ－１Ｂ工務服夏型上着【長袖】　　　４Ｌ,3320,2680
12100007,ＹＫＮ－１Ｂ工務服夏型上着【長袖】　　　５Ｌ,3320,2680
12100008,ＹＫＮ－１Ｂ工務服夏型上着【長袖】　　　６Ｌ,3320,2680
12100009,ＹＫＮ－１Ｂ工務服夏型上着【長袖】　　　７Ｌ,3320,2680
12330001,YKN-2工務服夏型下衣  Ｓ,2370,1800
12330002,YKN-2工務服夏型下衣  Ｍ,2370,1800
12330003,YKN-2工務服夏型下衣  Ｌ,2370,1800
12330004,YKN-2工務服夏型下衣  ＬＬ,2370,1800
12330005,YKN-2工務服夏型下衣  3Ｌ,2370,1800
12330006,YKN-2工務服夏型下衣  4Ｌ,2370,1800
12330007,YKN-2工務服夏型下衣  5Ｌ,2370,1800
12330008,YKN-2工務服夏型下衣  6Ｌ,2370,1800
12330009,YKN-2工務服夏型下衣  7Ｌ,2370,1800
12340001,YZF-1資材服冬型上衣  Ｓ,3590,2670
12340002,YZF-1資材服冬型上衣  Ｍ,3590,2670
12340003,YZF-1資材服冬型上衣  Ｌ,3590,2670
12340004,YZF-1資材服冬型上衣  ＬＬ,3590,2670
12340005,YZF-1資材服冬型上衣  3Ｌ,3590,2670
12340006,YZF-1資材服冬型上衣  4Ｌ,3590,2670
12340007,YZF-1資材服冬型上衣  5Ｌ,3590,2670
12340008,YZF-1資材服冬型上衣  6Ｌ,3590,2670
12340009,YZF-1資材服冬型上衣  7Ｌ,3590,2670
12350001,YZF-2資材服冬型下衣  Ｓ,3050,2270
12350002,YZF-2資材服冬型下衣  Ｍ,3050,2270
12350003,YZF-2資材服冬型下衣  Ｌ,3050,2270
12350004,YZF-2資材服冬型下衣  ＬＬ,3050,2270
12350005,YZF-2資材服冬型下衣  3Ｌ,3050,2270
12350006,YZF-2資材服冬型下衣  4Ｌ,3050,2270
12350007,YZF-2資材服冬型下衣  5Ｌ,3050,2270
12350008,YZF-2資材服冬型下衣  6Ｌ,3050,2270
12350009,YZF-2資材服冬型下衣  7Ｌ,3050,2270
12360001,YZN-1資材服夏型上衣【半袖】  Ｓ,2670,2090
12360002,YZN-1資材服夏型上衣【半袖】  Ｍ,2670,2090
12360003,YZN-1資材服夏型上衣【半袖】  Ｌ,2670,2090
12360004,YZN-1資材服夏型上衣【半袖】  ＬＬ,2670,2090
12360005,YZN-1資材服夏型上衣【半袖】  3Ｌ,2670,2090
12360006,YZN-1資材服夏型上衣【半袖】  4Ｌ,2670,2090
12360007,YZN-1資材服夏型上衣【半袖】  5Ｌ,2670,2090
12360008,YZN-1資材服夏型上衣【半袖】  6Ｌ,2670,2090
12360009,YZN-1資材服夏型上衣【半袖】  7Ｌ,2670,2090
12370001,YZN-2資材服夏型下衣  Ｓ,2810,1980
12370002,YZN-2資材服夏型下衣  Ｍ,2810,1980
12370003,YZN-2資材服夏型下衣  Ｌ,2810,1980
12370004,YZN-2資材服夏型下衣  ＬＬ,2810,1980
12370005,YZN-2資材服夏型下衣  3Ｌ,2810,1980
12370006,YZN-2資材服夏型下衣  4Ｌ,2810,1980
12370007,YZN-2資材服夏型下衣  5Ｌ,2810,1980
12370008,YZN-2資材服夏型下衣  6Ｌ,2810,1980
12370009,YZN-2資材服夏型下衣  7Ｌ,2810,1980
18000011,SP152 白ﾒｯｼｭ八角帽子 線なし  Ｓ,560,407
18000012,SP152 白ﾒｯｼｭ八角帽子 線なし  Ｍ,560,407
18000013,SP152 白ﾒｯｼｭ八角帽子 線なし  Ｌ,560,407
18000014,SP152 白ﾒｯｼｭ八角帽子 線なし  ＬＬ,560,407
18000015,SP152 白ﾒｯｼｭ八角帽子 線なし  3Ｌ,560,407
18000021,SP152 白ﾒｯｼｭ八角帽子 黒1本  Ｓ,620,472
18000022,SP152 白ﾒｯｼｭ八角帽子 黒1本  Ｍ,620,472
18000023,SP152 白ﾒｯｼｭ八角帽子 黒1本  Ｌ,620,472
18000024,SP152 白ﾒｯｼｭ八角帽子 黒1本  ＬＬ,620,472
18000025,SP152 白ﾒｯｼｭ八角帽子 黒1本  3Ｌ,620,472
18000031,SP152 白ﾒｯｼｭ八角帽子 黒2本  Ｓ,680,537
18000032,SP152 白ﾒｯｼｭ八角帽子 黒2本  Ｍ,680,537
18000033,SP152 白ﾒｯｼｭ八角帽子 黒2本  Ｌ,680,537
18000034,SP152 白ﾒｯｼｭ八角帽子 黒2本  ＬＬ,680,537
18000035,SP152 白ﾒｯｼｭ八角帽子 黒2本  3Ｌ,680,537
18000041,SP152 白ﾒｯｼｭ八角帽子 赤1本  Ｓ,620,472
18000042,SP152 白ﾒｯｼｭ八角帽子 赤1本  Ｍ,620,472
18000043,SP152 白ﾒｯｼｭ八角帽子 赤1本  Ｌ,620,472
18000044,SP152 白ﾒｯｼｭ八角帽子 赤1本  ＬＬ,620,472
18000045,SP152 白ﾒｯｼｭ八角帽子 赤1本  3Ｌ,620,472
18000051,SP152 白ﾒｯｼｭ八角帽子 赤2本  Ｓ,680,537
18000052,SP152 白ﾒｯｼｭ八角帽子 赤2本  Ｍ,680,537
18000053,SP152 白ﾒｯｼｭ八角帽子 赤2本  Ｌ,680,537
18000054,SP152 白ﾒｯｼｭ八角帽子 赤2本  ＬＬ,680,537
18000055,SP152 白ﾒｯｼｭ八角帽子 赤2本  3Ｌ,680,537
18000071,SP152 白ﾒｯｼｭ八角帽子 赤太線  Ｓ,700,491
18000072,SP152 白ﾒｯｼｭ八角帽子 赤太線  Ｍ,700,491
18000073,SP152 白ﾒｯｼｭ八角帽子 赤太線  Ｌ,700,491
18000074,SP152 白ﾒｯｼｭ八角帽子 赤太線  ＬＬ,700,491
18000075,SP152 白ﾒｯｼｭ八角帽子 赤太線  3Ｌ,700,491
18000131,SP152 ｸﾞﾚｰﾒｯｼｭ帽子  Ｓ,560,390
18000132,SP152 ｸﾞﾚｰﾒｯｼｭ帽子  Ｍ,560,390
18000133,SP152 ｸﾞﾚｰﾒｯｼｭ帽子  Ｌ,560,390
18000134,SP152 ｸﾞﾚｰﾒｯｼｭ帽子  ＬＬ,560,390
18000135,SP152 ｸﾞﾚｰﾒｯｼｭ帽子  3Ｌ,560,390
18000141,SP152 ｸﾞﾚｰﾒｯｼｭ帽子 黒1本  Ｓ,620,455
18000142,SP152 ｸﾞﾚｰﾒｯｼｭ帽子 黒1本  Ｍ,620,455
18000143,SP152 ｸﾞﾚｰﾒｯｼｭ帽子 黒1本  Ｌ,620,455
18000144,SP152 ｸﾞﾚｰﾒｯｼｭ帽子 黒1本  ＬＬ,620,455
18000145,SP152 ｸﾞﾚｰﾒｯｼｭ帽子 黒1本  3Ｌ,620,455
18000151,SP152 ｸﾞﾚｰﾒｯｼｭ帽子 黒2本  Ｓ,680,520
18000152,SP152 ｸﾞﾚｰﾒｯｼｭ帽子 黒2本  Ｍ,680,520
18000153,SP152 ｸﾞﾚｰﾒｯｼｭ帽子 黒2本  Ｌ,680,520
18000154,SP152 ｸﾞﾚｰﾒｯｼｭ帽子 黒2本  ＬＬ,680,520
18000155,SP152 ｸﾞﾚｰﾒｯｼｭ帽子 黒2本  3Ｌ,680,520
18000161,SP152 ｸﾞﾚｰﾒｯｼｭ帽子 赤1本  Ｓ,620,455
18000162,SP152 ｸﾞﾚｰﾒｯｼｭ帽子 赤1本  Ｍ,620,455
18000163,SP152 ｸﾞﾚｰﾒｯｼｭ帽子 赤1本  Ｌ,620,455
18000164,SP152 ｸﾞﾚｰﾒｯｼｭ帽子 赤1本  ＬＬ,620,455
18000165,SP152 ｸﾞﾚｰﾒｯｼｭ帽子 赤1本  3Ｌ,620,455
18000585,SP152 ｸﾞﾚｰﾒｯｼｭ帽子 赤2本 Ｓ,680,520
18000586,SP152 ｸﾞﾚｰﾒｯｼｭ帽子 赤2本 Ｍ,680,520
18000587,SP152 ｸﾞﾚｰﾒｯｼｭ帽子 赤2本 Ｌ,680,520
18000588,SP152 ｸﾞﾚｰﾒｯｼｭ帽子 赤2本 ＬＬ,680,520
18000589,SP152 ｸﾞﾚｰﾒｯｼｭ帽子 赤2本 3Ｌ,680,520
18000191,ＳＰ１５２ブルーアルバイト帽子  Ｓ,560,390
18000192,ＳＰ１５２ブルーアルバイト帽子  Ｍ,560,390
18000193,ＳＰ１５２ブルーアルバイト帽子  Ｌ,560,390
18000194,ＳＰ１５２ブルーアルバイト帽子  ＬＬ,560,390
18000195,ＳＰ１５２ブルーアルバイト帽子  3Ｌ,560,390
18000350,ＳＰ１５１ 白女子帽子  Ｆ,810,555
18000351,ＳＰ１５１ 白女子帽子  Ｓ,810,482
18000352,SP151 白女子帽子 黒1本  Ｆ,860,546
18000353,SP151 白女子帽子 黒1本  Ｓ,860,546
18000354,SP151 白女子帽子 黒2本  Ｆ,910,611
18000600,SP151 白女子帽子 赤1本 Ｆ,860,546
18000356,SP151 ﾋﾟﾝｸ女子ｱﾙﾊﾞｲﾄ帽子  Ｆ,810,567
18000091,SP152白ﾒｯｼｭ帽子 ｸﾞﾘｰﾝﾃｰﾌﾟ付  Ｓ,690,562
18000092,SP152白ﾒｯｼｭ帽子 ｸﾞﾘｰﾝﾃｰﾌﾟ付  Ｍ,690,562
18000093,SP152白ﾒｯｼｭ帽子 ｸﾞﾘｰﾝﾃｰﾌﾟ付  Ｌ,690,562
18000094,SP152白ﾒｯｼｭ帽子 ｸﾞﾘｰﾝﾃｰﾌﾟ付  ＬＬ,690,562
18000095,SP152白ﾒｯｼｭ帽子 ｸﾞﾘｰﾝﾃｰﾌﾟ付  3Ｌ,690,562
18000101,SP152白ﾒｯｼｭ帽子 ﾌﾞﾙｰﾃｰﾌﾟ付   Ｓ,690,566
18000102,SP152白ﾒｯｼｭ帽子 ﾌﾞﾙｰﾃｰﾌﾟ付   Ｍ,690,566
18000103,SP152白ﾒｯｼｭ帽子 ﾌﾞﾙｰﾃｰﾌﾟ付   Ｌ,690,566
18000104,SP152白ﾒｯｼｭ帽子 ﾌﾞﾙｰﾃｰﾌﾟ付   ＬＬ,690,566
18000105,SP152白ﾒｯｼｭ帽子 ﾌﾞﾙｰﾃｰﾌﾟ付   3Ｌ,690,566
18000081,SP152白ﾒｯｼｭ帽子 ｲｴﾛｰﾃｰﾌﾟ付  Ｓ,690,568
18000082,SP152白ﾒｯｼｭ帽子 ｲｴﾛｰﾃｰﾌﾟ付  Ｍ,690,568
18000083,SP152白ﾒｯｼｭ帽子 ｲｴﾛｰﾃｰﾌﾟ付  Ｌ,690,568
18000084,SP152白ﾒｯｼｭ帽子 ｲｴﾛｰﾃｰﾌﾟ付  ＬＬ,690,568
18000085,SP152白ﾒｯｼｭ帽子 ｲｴﾛｰﾃｰﾌﾟ付  3Ｌ,690,568
18000171,SP152 ｸﾞﾚｰﾒｯｼｭ帽子 ｸﾞﾘｰﾝﾃｰﾌﾟ付 Ｓ,690,545
18000172,SP152 ｸﾞﾚｰﾒｯｼｭ帽子 ｸﾞﾘｰﾝﾃｰﾌﾟ付 Ｍ,690,545
18000173,SP152 ｸﾞﾚｰﾒｯｼｭ帽子 ｸﾞﾘｰﾝﾃｰﾌﾟ付 Ｌ,690,545
18000174,SP152 ｸﾞﾚｰﾒｯｼｭ帽子 ｸﾞﾘｰﾝﾃｰﾌﾟ付 ＬＬ,690,545
18000175,SP152 ｸﾞﾚｰﾒｯｼｭ帽子 ｸﾞﾘｰﾝﾃｰﾌﾟ付 3Ｌ,690,545
18000181,SP152 ｸﾞﾚｰﾒｯｼｭ帽子 ﾌﾞﾙｰﾃｰﾌﾟ付  Ｓ,690,549
18000182,SP152 ｸﾞﾚｰﾒｯｼｭ帽子 ﾌﾞﾙｰﾃｰﾌﾟ付  Ｍ,690,549
18000183,SP152 ｸﾞﾚｰﾒｯｼｭ帽子 ﾌﾞﾙｰﾃｰﾌﾟ付  Ｌ,690,549
18000184,SP152 ｸﾞﾚｰﾒｯｼｭ帽子 ﾌﾞﾙｰﾃｰﾌﾟ付  ＬＬ,690,549
18000185,SP152 ｸﾞﾚｰﾒｯｼｭ帽子 ﾌﾞﾙｰﾃｰﾌﾟ付  3Ｌ,690,549
18000360,SP151 白女子帽子 ｸﾞﾘｰﾝﾃｰﾌﾟ付 Ｆ,1070,636
18000358,SP151 白女子帽子 ﾌﾞﾙｰﾃｰﾌﾟ付  Ｆ,1070,640
18000361,SP151 白女子帽子 ｲｴﾛｰﾃｰﾌﾟ付 Ｆ,1070,643
18000359,SP151 白女子帽子 ﾋﾟﾝｸﾃｰﾌﾟ付  Ｆ,1070,634
12320001,YKN-1工務服夏型上衣【半袖】  Ｓ,3060,2070
12320002,YKN-1工務服夏型上衣【半袖】  Ｍ,3060,2070
12320003,YKN-1工務服夏型上衣【半袖】 Ｌ,3060,2070
12320004,YKN-1工務服夏型上衣【半袖】  ＬＬ,3060,2070
12320005,YKN-1工務服夏型上衣【半袖】 3Ｌ,3060,2070
12320006,YKN-1工務服夏型上衣【半袖】  4Ｌ,3060,2070
12320007,YKN-1工務服夏型上衣【半袖】  5Ｌ,3060,2070
12320008,YKN-1工務服夏型上衣【半袖】  6Ｌ,3060,2070
12320009,YKN-1工務服夏型上衣【半袖】  7Ｌ,3060,2070
18000056,SP152 白ﾒｯｼｭ八角帽子 イエロー1本  Ｓ,620,472
18000057,SP152 白ﾒｯｼｭ八角帽子 イエロー1本  Ｍ,620,472
18000058,SP152 白ﾒｯｼｭ八角帽子 イエロー1本  Ｌ,620,472
18000059,SP152 白ﾒｯｼｭ八角帽子 イエロー1本  ＬＬ,620,472
18000060,SP152 白ﾒｯｼｭ八角帽子 イエロー1本  3Ｌ,620,472
18000076,SP152 白ﾒｯｼｭ八角帽子 　グレー1本  Ｓ,620,472
18000077,SP152 白ﾒｯｼｭ八角帽子 　グレー1本  Ｍ,620,472
18000078,SP152 白ﾒｯｼｭ八角帽子 　グレー1本  Ｌ,620,472
18000079,SP152 白ﾒｯｼｭ八角帽子 　グレー1本  ＬＬ,620,472
18000080,SP152 白ﾒｯｼｭ八角帽子 　グレー1本  3Ｌ,620,472
18000111,SP152白ﾒｯｼｭ帽子 ﾍﾞｰｼﾞｭ1本  Ｓ,620,472
18000112,SP152白ﾒｯｼｭ帽子 ﾍﾞｰｼﾞｭ1本  Ｍ,620,472
18000113,SP152白ﾒｯｼｭ帽子 ﾍﾞｰｼﾞｭ1本  Ｌ,620,472
18000114,SP152白ﾒｯｼｭ帽子 ﾍﾞｰｼﾞｭ1本  ＬＬ,620,472
18000115,SP152白ﾒｯｼｭ帽子 ﾍﾞｰｼﾞｭ1本  3Ｌ,620,472
18000470,SDC-11 ﾂｲﾙﾈｯﾄ付帽子ﾏｽｸ耳掛付線無  SS,620,420
18000471,SDC-11 ﾂｲﾙﾈｯﾄ付帽子ﾏｽｸ耳掛付線無  Ｓ,620,420
18000472,SDC-11 ﾂｲﾙﾈｯﾄ付帽子ﾏｽｸ耳掛付線無  Ｍ,620,420
18000473,SDC-11 ﾂｲﾙﾈｯﾄ付帽子ﾏｽｸ耳掛付線無  Ｌ,620,420
18000474,SDC-11 ﾂｲﾙﾈｯﾄ付帽子ﾏｽｸ耳掛付線無  LL,620,420
18000580,SDC-11 ﾂｲﾙﾈｯﾄ付帽子ﾏｽｸ耳掛付黒1本 SS,720,485
18000581,SDC-11 ﾂｲﾙﾈｯﾄ付帽子ﾏｽｸ耳掛付黒1本  S,720,485
18000582,SDC-11 ﾂｲﾙﾈｯﾄ付帽子ﾏｽｸ耳掛付黒1本  M,720,485
18000583,SDC-11 ﾂｲﾙﾈｯﾄ付帽子ﾏｽｸ耳掛付黒1本  L,720,485
18000584,SDC-11 ﾂｲﾙﾈｯﾄ付帽子ﾏｽｸ耳掛付黒1本 LL,720,485
18000480,T/Cﾂｲﾙﾈｯﾄ付帽ﾏｽｸ耳掛付ﾌﾞﾙｰﾃｰﾌﾟ付 SS,820,579
18000481,T/Cﾂｲﾙﾈｯﾄ付帽ﾏｽｸ耳掛付ﾌﾞﾙｰﾃｰﾌﾟ付 Ｓ,820,579
18000482,T/Cﾂｲﾙﾈｯﾄ付帽ﾏｽｸ耳掛付ﾌﾞﾙｰﾃｰﾌﾟ付 Ｍ,820,579
18000483,T/Cﾂｲﾙﾈｯﾄ付帽ﾏｽｸ耳掛付ﾌﾞﾙｰﾃｰﾌﾟ付 Ｌ,820,579
18000484,T/Cﾂｲﾙﾈｯﾄ付帽ﾏｽｸ耳掛付ﾌﾞﾙｰﾃｰﾌﾟ付 LL,820,579
18000261,1120Ｈ 白ﾒｯｼｭ帽子 線なし  Ｓ,580,427
18000262,1120Ｈ 白ﾒｯｼｭ帽子 線なし  Ｍ,580,427
18000263,1120Ｈ 白ﾒｯｼｭ帽子 線なし  Ｌ,580,427
18000264,1120Ｈ 白ﾒｯｼｭ帽子 線なし  ＬＬ,580,427
18000265,1120Ｈ 白ﾒｯｼｭ帽子 線なし  3Ｌ,580,427
18000271,1120Ｈ 白ﾒｯｼｭ帽子 黒1本  Ｓ,640,492
18000272,1120Ｈ 白ﾒｯｼｭ帽子 黒1本  Ｍ,640,492
18000273,1120Ｈ 白ﾒｯｼｭ帽子 黒1本  Ｌ,640,492
18000274,1120Ｈ 白ﾒｯｼｭ帽子 黒1本  ＬＬ,640,492
18000275,1120Ｈ 白ﾒｯｼｭ帽子 黒1本  3Ｌ,640,492
18000281,1120Ｈ 白ﾒｯｼｭ帽子 黒2本   Ｓ,700,557
18000282,1120Ｈ 白ﾒｯｼｭ帽子 黒2本   Ｍ,700,557
18000283,1120Ｈ 白ﾒｯｼｭ帽子 黒2本   Ｌ,700,557
18000284,1120Ｈ 白ﾒｯｼｭ帽子 黒2本   ＬＬ,700,557
18000285,1120Ｈ 白ﾒｯｼｭ帽子 黒2本   3Ｌ,700,557
18000291,1120Ｈ 白ﾒｯｼｭ帽子 赤1本   Ｓ,640,492
18000292,1120Ｈ 白ﾒｯｼｭ帽子 赤1本   Ｍ,640,492
18000293,1120Ｈ 白ﾒｯｼｭ帽子 赤1本   Ｌ,640,492
18000294,1120Ｈ 白ﾒｯｼｭ帽子 赤1本   ＬＬ,640,492
18000295,1120Ｈ 白ﾒｯｼｭ帽子 赤1本   3Ｌ,640,492
18000301,1120Ｈ 白ﾒｯｼｭ帽子 赤2本    Ｓ,700,557
18000302,1120Ｈ 白ﾒｯｼｭ帽子 赤2本    Ｍ,700,557
18000303,1120Ｈ 白ﾒｯｼｭ帽子 赤2本    Ｌ,700,557
18000304,1120Ｈ 白ﾒｯｼｭ帽子 赤2本    ＬＬ,700,557
18000305,1120Ｈ 白ﾒｯｼｭ帽子 赤2本    3Ｌ,700,557
18000311,1120Ｈ 白ﾒｯｼｭ帽子 赤太線   Ｓ,720,512
18000312,1120Ｈ 白ﾒｯｼｭ帽子 赤太線   Ｍ,720,512
18000313,1120Ｈ 白ﾒｯｼｭ帽子 赤太線   Ｌ,720,512
18000314,1120Ｈ 白ﾒｯｼｭ帽子 赤太線   ＬＬ,720,512
18000315,1120Ｈ 白ﾒｯｼｭ帽子 赤太線   3Ｌ,720,512
18000595,1120H 白ﾒｯｼｭ帽子 ﾍﾞｰｼﾞｭ1本 Ｓ,640,427
18000596,1120H 白ﾒｯｼｭ帽子 ﾍﾞｰｼﾞｭ1本 Ｍ,640,427
18000597,1120H 白ﾒｯｼｭ帽子 ﾍﾞｰｼﾞｭ1本 Ｌ,640,427
18000598,1120H 白ﾒｯｼｭ帽子 ﾍﾞｰｼﾞｭ1本 ＬＬ,640,427
18000599,1120H 白ﾒｯｼｭ帽子 ﾍﾞｰｼﾞｭ1本 3Ｌ,640,427
18000211,1120 グレーメッシュ帽子   Ｓ,580,410
18000212,1120 グレーメッシュ帽子   Ｍ,580,410
18000213,1120 グレーメッシュ帽子   Ｌ,580,410
18000214,1120 グレーメッシュ帽子   ＬＬ,580,410
18000215,1120 グレーメッシュ帽子   3Ｌ,580,410
18000221,1120 グレーメッシュ帽子 黒1本  Ｓ,640,475
18000222,1120 グレーメッシュ帽子 黒1本  Ｍ,640,475
18000223,1120 グレーメッシュ帽子 黒1本  Ｌ,640,475
18000224,1120 グレーメッシュ帽子 黒1本  ＬＬ,640,475
18000225,1120 グレーメッシュ帽子 黒1本  3Ｌ,640,475
18000231,1120 グレーメッシュ帽子 黒2本  Ｓ,700,540
18000232,1120 グレーメッシュ帽子 黒2本  Ｍ,700,540
18000233,1120 グレーメッシュ帽子 黒2本  Ｌ,700,540
18000234,1120 グレーメッシュ帽子 黒2本  ＬＬ,700,540
18000235,1120 グレーメッシュ帽子 黒2本  3Ｌ,700,540
18000241,1120 グレーメッシュ帽子 赤1本   Ｓ,640,475
18000242,1120 グレーメッシュ帽子 赤1本   Ｍ,640,475
18000243,1120 グレーメッシュ帽子 赤1本   Ｌ,640,475
18000244,1120 グレーメッシュ帽子 赤1本  ＬＬ,640,475
18000245,1120 グレーメッシュ帽子 赤1本  3Ｌ,640,475
18000251,1120 グレーメッシュ帽子 赤2本   Ｓ,700,540
18000252,1120 グレーメッシュ帽子 赤2本   Ｍ,700,540
18000253,1120 グレーメッシュ帽子 赤2本   Ｌ,700,540
18000254,1120 グレーメッシュ帽子 赤2本  ＬＬ,700,540
18000255,1120 グレーメッシュ帽子 赤2本  3Ｌ,700,540
18000321,1120Ｈ 白ﾒｯｼｭ帽子 ｸﾞﾘｰﾝﾃｰﾌﾟ付 Ｓ,770,582
18000322,1120Ｈ 白ﾒｯｼｭ帽子 ｸﾞﾘｰﾝﾃｰﾌﾟ付 Ｍ,770,582
18000323,1120Ｈ 白ﾒｯｼｭ帽子 ｸﾞﾘｰﾝﾃｰﾌﾟ付 Ｌ,770,582
18000324,1120Ｈ 白ﾒｯｼｭ帽子 ｸﾞﾘｰﾝﾃｰﾌﾟ付 ＬＬ,770,582
18000325,1120Ｈ 白ﾒｯｼｭ帽子 ｸﾞﾘｰﾝﾃｰﾌﾟ付 3Ｌ,770,582
18000341,1120 ブルーアルバイト帽子  Ｓ,580,410
18000342,1120 ブルーアルバイト帽子  Ｍ,580,410
18000343,1120 ブルーアルバイト帽子  Ｌ,580,410
18000344,1120 ブルーアルバイト帽子  ＬＬ,580,410
18000345,1120 ブルーアルバイト帽子  3Ｌ,580,410
18000121,SP152白ﾒｯｼｭ帽子 緑十字付  Ｓ,1100,867
18000122,SP152白ﾒｯｼｭ帽子 緑十字付  Ｍ,1100,867
18000123,SP152白ﾒｯｼｭ帽子 緑十字付  Ｌ,1100,867
18000124,SP152白ﾒｯｼｭ帽子 緑十字付  ＬＬ,1100,867
18000125,SP152白ﾒｯｼｭ帽子 緑十字付  3Ｌ,1100,867
18000362,SP151 白女子帽子 緑十字付  Ｆ,1250,942
18000590,SP152 ｸﾞﾚｰﾒｯｼｭ帽子 緑十字付 Ｓ,1100,850
18000591,SP152 ｸﾞﾚｰﾒｯｼｭ帽子 緑十字付 Ｍ,1100,850
18000592,SP152 ｸﾞﾚｰﾒｯｼｭ帽子 緑十字付 Ｌ,1100,850
18000593,SP152 ｸﾞﾚｰﾒｯｼｭ帽子 緑十字付 ＬＬ,1100,850
18000594,SP152 ｸﾞﾚｰﾒｯｼｭ帽子 緑十字付 3Ｌ,1100,850
12600000,札幌工場型エプロン  Ｆ,660,435
sun1,ＳＰ１５２型白メッシュ帽子 後マジックテープ止　無線　Ｓ,650,452
sun2,ＳＰ１５２型白メッシュ帽子 後マジックテープ止　無線　Ｍ,650,452
sun3,ＳＰ１５２型白メッシュ帽子 後マジックテープ止　無線　Ｌ,650,452
sun4,ＳＰ１５２型白メッシュ帽子 後マジックテープ止　無線　ＬＬ,650,452
sun5,ＳＰ１５２型白メッシュ帽子 後マジックテープ止　無線　３Ｌ,650,452
sun6,ＳＰ１５２型白メッシュ帽子 後マジックテープ止　黒１本　Ｓ,730,499
sun7,ＳＰ１５２型白メッシュ帽子 後マジックテープ止　黒１本　Ｍ,730,499
sun8,ＳＰ１５２型白メッシュ帽子 後マジックテープ止　黒１本　Ｌ,730,499
sun9,ＳＰ１５２型白メッシュ帽子 後マジックテープ止　黒１本　ＬＬ,730,499
sun10,ＳＰ１５２型白メッシュ帽子 後マジックテープ止　黒１本　３Ｌ,730,499
sun11,ＳＰ１５２型白メッシュ帽子 後マジックテープ止　黒２本　Ｓ,810,546
sun12,ＳＰ１５２型白メッシュ帽子 後マジックテープ止　黒２本　Ｍ,810,546
sun13,ＳＰ１５２型白メッシュ帽子 後マジックテープ止　黒２本　Ｌ,810,546
sun14,ＳＰ１５２型白メッシュ帽子 後マジックテープ止　黒２本　ＬＬ,810,546
sun15,ＳＰ１５２型白メッシュ帽子 後マジックテープ止　黒２本　３Ｌ,810,546
sun16,ＳＰ１５２型白メッシュ帽子 後マジックテープ止　赤１本　Ｓ,730,499
sun17,ＳＰ１５２型白メッシュ帽子 後マジックテープ止　赤１本　Ｍ,730,499
sun18,ＳＰ１５２型白メッシュ帽子 後マジックテープ止　赤１本　Ｌ,730,499
sun19,ＳＰ１５２型白メッシュ帽子 後マジックテープ止　赤１本　ＬＬ,730,499
sun20,ＳＰ１５２型白メッシュ帽子 後マジックテープ止　赤１本　３Ｌ,730,499
sun21,ＳＰ１５２型白メッシュ帽子 後マジックテープ止　赤２本　Ｓ,810,546
sun22,ＳＰ１５２型白メッシュ帽子 後マジックテープ止　赤２本　Ｍ,810,546
sun23,ＳＰ１５２型白メッシュ帽子 後マジックテープ止　赤２本　Ｌ,810,546
sun24,ＳＰ１５２型白メッシュ帽子 後マジックテープ止　赤２本　ＬＬ,810,546
sun25,ＳＰ１５２型白メッシュ帽子 後マジックテープ止　赤２本　３Ｌ,810,546
sun26,ＳＰ１５２型白メッシュ帽子 後マジックテープ止　赤太線　Ｓ,750,499
sun27,ＳＰ１５２型白メッシュ帽子 後マジックテープ止　赤太線　Ｍ,750,499
sun28,ＳＰ１５２型白メッシュ帽子 後マジックテープ止　赤太線　Ｌ,750,499
sun29,ＳＰ１５２型白メッシュ帽子 後マジックテープ止　赤太線　ＬＬ,750,499
sun30,ＳＰ１５２型白メッシュ帽子 後マジックテープ止　赤太線　３Ｌ,750,499
sun31,ＳＰ１５２型白メッシュ帽子 後マジックテープ止　そら１本　Ｓ,730,499
sun32,ＳＰ１５２型白メッシュ帽子 後マジックテープ止　そら１本　Ｍ,730,499
sun33,ＳＰ１５２型白メッシュ帽子 後マジックテープ止　そら１本　Ｌ,730,499
sun34,ＳＰ１５２型白メッシュ帽子 後マジックテープ止　そら１本　ＬＬ,730,499
sun35,ＳＰ１５２型白メッシュ帽子 後マジックテープ止　そら１本　３Ｌ,730,499
sun36,ＳＰ１５２型白メッシュ帽子 後マジックテープ止　グリーンテープ付　Ｓ,850,484
sun37,ＳＰ１５２型白メッシュ帽子 後マジックテープ止　グリーンテープ付　Ｍ,850,484
sun38,ＳＰ１５２型白メッシュ帽子 後マジックテープ止　グリーンテープ付　Ｌ,850,484
sun39,ＳＰ１５２型白メッシュ帽子 後マジックテープ止　グリーンテープ付　ＬＬ,850,484
sun40,ＳＰ１５２型白メッシュ帽子 後マジックテープ止　グリーンテープ付　３Ｌ,850,484
sun41,SP151 白女子帽子 　そら1本　  Ｆ,860,461
301,ＹＭＤ３０１　男子長袖白衣,1450,1100
302,ＹＭＤ３０２　男子半袖白衣,1235,980
304,ＹＬＤ３０４　女子長袖白衣,1400,1070
305,ＹＬＤ３０５　女子半袖白衣,1195,950
12101001,１０１整備服  Ｓ,4000,4360
12101002,１０１整備服  Ｍ,4000,4360
12101003,１０１整備服  Ｌ,4000,4360
12101004,１０１整備服  ＬＬ,4000,4360
12101005,１０１整備服  3Ｌ,4200,4360
12101006,１０１整備服  4Ｌ,4200,4560
12101007,１０１整備服  5Ｌ,4680,4860
12137000,ＳＰ１３７  胸 付 前 掛,630,385
12139000,ＳＰ１３９  中　前　掛,450,357
12382001,ＷＡ399-34 焼却服夏型上着 Ｓ,2950,2972
12382002,ＷＡ399-34 焼却服夏型上着 Ｍ,2950,2972
12382003,ＷＡ399-34 焼却服夏型上着 Ｌ,2950,2972
12382004,ＷＡ399-34 焼却服夏型上着 ＬＬ,2950,2972
12382005,ＷＡ399-34 焼却服夏型上着 ＸＬ(3Ｌ),3075,3172
12382006,ＷＡ399-34 焼却服夏型上着 4Ｌ,3200,3372
12382007,ＷＡ399-34 焼却服夏型上着 5Ｌ,3200,3372
12382070,ＷＡ385-34 焼却服夏型ズボン Ｗ70,2950,3122
12382073,ＷＡ385-34 焼却服夏型ズボン Ｗ73,2950,3122
12382076,ＷＡ385-34 焼却服夏型ズボン Ｗ76,2950,3122
12382079,ＷＡ385-34 焼却服夏型ズボン Ｗ79,2950,3122
12382082,ＷＡ385-34 焼却服夏型ズボン Ｗ82,2950,3122
12382085,ＷＡ385-34 焼却服夏型ズボン Ｗ85,2950,3122
12382088,ＷＡ385-34 焼却服夏型ズボン Ｗ88,3025,3272
12382091,ＷＡ385-34 焼却服夏型ズボン Ｗ91,3025,3272
12382095,ＷＡ385-34 焼却服夏型ズボン Ｗ95,3025,3272
12382100,ＷＡ385-34 焼却服夏型ズボン Ｗ100,3075,3422
12382105,ＷＡ385-34 焼却服夏型ズボン Ｗ105,3075,3422
12382110,ＷＡ385-34 焼却服夏型ズボン Ｗ110,3075,3422
12382115,ＷＡ385-34 焼却服夏型ズボン Ｗ115,3075,3422
12382120,ＷＡ385-34 焼却服夏型ズボン Ｗ120,3075,3422
12383001,ＷＡ3910-34 焼却服冬型上着 Ｓ,3950,3652
12383002,ＷＡ3910-34 焼却服冬型上着 Ｍ,3950,3652
12383003,ＷＡ3910-34 焼却服冬型上着 Ｌ,3950,3652
12383004,ＷＡ3910-34 焼却服冬型上着 ＬＬ,3950,3652
12383005,ＷＡ3910-34 焼却服冬型上着 ＸＬ(3Ｌ),4075,3852
12383006,ＷＡ3910-34 焼却服冬型上着 4Ｌ,4200,4052
12383007,ＷＡ3910-34 焼却服冬型上着 5Ｌ,4200,4052
12383070,ＷＡ3950-34 焼却服冬型ズボン Ｗ70,3150,3022
12383073,ＷＡ3950-34 焼却服冬型ズボン Ｗ73,3150,3022
12383076,ＷＡ3950-34 焼却服冬型ズボン Ｗ76,3150,3022
12383079,ＷＡ3950-34 焼却服冬型ズボン Ｗ79,3150,3022
12383082,ＷＡ3950-34 焼却服冬型ズボン Ｗ82,3150,3022
12383085,ＷＡ3950-34 焼却服冬型ズボン Ｗ85,3150,3022
12383088,ＷＡ3950-34 焼却服冬型ズボン Ｗ88,3225,3172
12383091,ＷＡ3950-34 焼却服冬型ズボン Ｗ91,3225,3172
12383095,ＷＡ3950-34 焼却服冬型ズボン Ｗ95,3225,3172
12383100,ＷＡ3950-34 焼却服冬型ズボン Ｗ100,3275,3322
12383105,ＷＡ3950-34 焼却服冬型ズボン Ｗ105,3275,3322
12383110,ＷＡ3950-34 焼却服冬型ズボン Ｗ110,3275,3322
12383115,ＷＡ3950-34 焼却服冬型ズボン Ｗ115,3275,3322
12383120,ＷＡ3950-34 焼却服冬型ズボン Ｗ120,3275,3322
12384000,ＭＸ-707-6 女子セールス夏ポロシャツ ＳＳ,2150,1850
12384001,ＭＸ-707-6 女子セールス夏ポロシャツ Ｓ,2150,1850
12384002,ＭＸ-707-6 女子セールス夏ポロシャツ Ｍ,2150,1850
12384003,ＭＸ-707-6 女子セールス夏ポロシャツ Ｌ,2150,1850
12384004,ＭＸ-707-6 女子セールス夏ポロシャツ ＬＬ,2150,1850
12384005,ＭＸ-707-6 女子セールス夏ポロシャツ 3Ｌ,2300,1950
12384006,ＭＸ-707-6 女子セールス夏ポロシャツ 4Ｌ,2450,2030
12384007,ＭＸ-707-6 女子セールス夏ポロシャツ 5Ｌ,2450,2030
12385001,ＡＧ2780-4 女子セールス冬パンツ Ｓ,4140,3267
12385002,ＡＧ2780-4 女子セールス冬パンツ Ｍ,4140,3267
12385003,ＡＧ2780-4 女子セールス冬パンツ Ｌ,4140,3267
12385004,ＡＧ2780-4 女子セールス冬パンツ ＬＬ,4140,3267
12385005,ＡＧ2780-4 女子セールス冬パンツ ＸＬ,4320,3399
12385006,ＡＧ2780-4 女子セールス冬パンツ 4Ｌ,4500,3567
12385007,ＡＧ2780-4 女子セールス冬パンツ 5Ｌ,4500,3567
12262451,262-45 ｺﾊﾞﾙﾄﾌﾞﾙｰ 防寒ﾌﾞﾙｿﾞﾝ  Ｓ,3645,2810
12262452,262-45 ｺﾊﾞﾙﾄﾌﾞﾙｰ 防寒ﾌﾞﾙｿﾞﾝ  Ｍ,3645,2810
12262453,262-45 ｺﾊﾞﾙﾄﾌﾞﾙｰ 防寒ﾌﾞﾙｿﾞﾝ  Ｌ,3645,2810
12262454,262-45 ｺﾊﾞﾙﾄﾌﾞﾙｰ 防寒ﾌﾞﾙｿﾞﾝ  ＬＬ,3645,2810
12262455,262-45 ｺﾊﾞﾙﾄﾌﾞﾙｰ 防寒ﾌﾞﾙｿﾞﾝ  3Ｌ,3870,2810
12262456,262-45 ｺﾊﾞﾙﾄﾌﾞﾙｰ 防寒ﾌﾞﾙｿﾞﾝ  4Ｌ,4095,2810
12262457,262-45 ｺﾊﾞﾙﾄﾌﾞﾙｰ 防寒ﾌﾞﾙｿﾞﾝ  5Ｌ,4095,2810
12847600,ＡＺ8476-010 ﾌﾞﾗｯｸ 防寒ﾌﾞﾙｿﾞﾝ  ＳＳ,4185,3180
12847601,ＡＺ8476-010 ﾌﾞﾗｯｸ 防寒ﾌﾞﾙｿﾞﾝ  Ｓ,4185,3180
12847602,ＡＺ8476-010 ﾌﾞﾗｯｸ 防寒ﾌﾞﾙｿﾞﾝ  Ｍ,4185,3180
12847603,ＡＺ8476-010 ﾌﾞﾗｯｸ 防寒ﾌﾞﾙｿﾞﾝ  Ｌ,4185,3180
12847604,ＡＺ8476-010 ﾌﾞﾗｯｸ 防寒ﾌﾞﾙｿﾞﾝ  ＬＬ,4185,3180
12847605,ＡＺ8476-010 ﾌﾞﾗｯｸ 防寒ﾌﾞﾙｿﾞﾝ  3Ｌ,4410,3380
12847606,ＡＺ8476-010 ﾌﾞﾗｯｸ 防寒ﾌﾞﾙｿﾞﾝ  4Ｌ,4545,3480
12847607,ＡＺ8476-010 ﾌﾞﾗｯｸ 防寒ﾌﾞﾙｿﾞﾝ  5Ｌ,4635,3480
12847610,ＡＺ8476-108 ﾈｲﾋﾞｰ 防寒ﾌﾞﾙｿﾞﾝ  ＳＳ,4185,3180
12847611,ＡＺ8476-108 ﾈｲﾋﾞｰ 防寒ﾌﾞﾙｿﾞﾝ  Ｓ,4185,3180
12847612,ＡＺ8476-108 ﾈｲﾋﾞｰ 防寒ﾌﾞﾙｿﾞﾝ  Ｍ,4185,3180
12847613,ＡＺ8476-108 ﾈｲﾋﾞｰ 防寒ﾌﾞﾙｿﾞﾝ  Ｌ,4185,3180
12847614,ＡＺ8476-108 ﾈｲﾋﾞｰ 防寒ﾌﾞﾙｿﾞﾝ  ＬＬ,4185,3180
12847615,ＡＺ8476-108 ﾈｲﾋﾞｰ 防寒ﾌﾞﾙｿﾞﾝ  3Ｌ,4410,3380
12847616,ＡＺ8476-108 ﾈｲﾋﾞｰ 防寒ﾌﾞﾙｿﾞﾝ  4Ｌ,4545,3480
12847617,ＡＺ8476-108 ﾈｲﾋﾞｰ 防寒ﾌﾞﾙｿﾞﾝ  5Ｌ,4635,3480
12847620,ＡＺ8476-009 ﾚｯﾄﾞ 防寒ﾌﾞﾙｿﾞﾝ  ＳＳ,4185,3180
12847621,ＡＺ8476-009 ﾚｯﾄﾞ 防寒ﾌﾞﾙｿﾞﾝ  Ｓ,4185,3180
12847622,ＡＺ8476-009 ﾚｯﾄﾞ 防寒ﾌﾞﾙｿﾞﾝ  Ｍ,4185,3180
12847623,ＡＺ8476-009 ﾚｯﾄﾞ 防寒ﾌﾞﾙｿﾞﾝ  Ｌ,4185,3180
12847624,ＡＺ8476-009 ﾚｯﾄﾞ 防寒ﾌﾞﾙｿﾞﾝ  ＬＬ,4185,3180
12847625,ＡＺ8476-009 ﾚｯﾄﾞ 防寒ﾌﾞﾙｿﾞﾝ  3Ｌ,4410,3380
12847626,ＡＺ8476-009 ﾚｯﾄﾞ 防寒ﾌﾞﾙｿﾞﾝ  4Ｌ,4545,3480
12847627,ＡＺ8476-009 ﾚｯﾄﾞ 防寒ﾌﾞﾙｿﾞﾝ  5Ｌ,4635,3480
12900000,個人ネーム代,100,150
12910000,ﾗｲﾗｯｸｺｰﾙｺﾞﾑ ﾊｰﾄﾞﾀｲﾌﾟ白 150m巻 6ｺｰﾙ,1840,1470
12920000,ﾗｲﾗｯｸｺｰﾙｺﾞﾑ ﾊｰﾄﾞﾀｲﾌﾟ白 150m巻 12ｺｰﾙ,2820,2175
12135101,73-1351 ﾅｰｽﾊﾟﾝﾂ 白                Ｓ,3060,2710
12135102,73-1351 ﾅｰｽﾊﾟﾝﾂ 白                Ｍ,3060,2710
12135103,73-1351 ﾅｰｽﾊﾟﾝﾂ 白                Ｌ,3060,2710
12135104,73-1351 ﾅｰｽﾊﾟﾝﾂ 白              ＬＬ,3060,2710
12135105,73-1351 ﾅｰｽﾊﾟﾝﾂ 白               3Ｌ,3060,2710
12135106,73-1351 ﾅｰｽﾊﾟﾝﾂ 白               4Ｌ,3060,2710
12194001,73-1940 半袖ﾅｰｽｼﾞｬｹｯﾄ 白          Ｓ,3300,2940
12194002,73-1940 半袖ﾅｰｽｼﾞｬｹｯﾄ 白          Ｍ,3300,2940
12194003,73-1940 半袖ﾅｰｽｼﾞｬｹｯﾄ 白          Ｌ,3300,2940
12194004,73-1940 半袖ﾅｰｽｼﾞｬｹｯﾄ 白        ＬＬ,3300,2940
12194005,73-1940 半袖ﾅｰｽｼﾞｬｹｯﾄ 白         3Ｌ,3300,2940
12196100,AZ1961-108 ﾈｲﾋﾞｰ 中綿ﾌﾞﾙｿﾞﾝ     ＳＳ,3600,2950
12196101,AZ1961-108 ﾈｲﾋﾞｰ 中綿ﾌﾞﾙｿﾞﾝ       Ｓ,3600,2950
12196102,AZ1961-108 ﾈｲﾋﾞｰ 中綿ﾌﾞﾙｿﾞﾝ       Ｍ,3600,2950
12196103,AZ1961-108 ﾈｲﾋﾞｰ 中綿ﾌﾞﾙｿﾞﾝ       Ｌ,3600,2950
12196104,AZ1961-108 ﾈｲﾋﾞｰ 中綿ﾌﾞﾙｿﾞﾝ     ＬＬ,3600,2950
12196105,AZ1961-108 ﾈｲﾋﾞｰ 中綿ﾌﾞﾙｿﾞﾝ      3Ｌ,3825,2950
12196106,AZ1961-108 ﾈｲﾋﾞｰ 中綿ﾌﾞﾙｿﾞﾝ      4Ｌ,3960,2950
12196107,AZ1961-108 ﾈｲﾋﾞｰ 中綿ﾌﾞﾙｿﾞﾝ      5Ｌ,4050,2950
12847630,ＡＺ8476-006 ロイヤルブルー 防寒ﾌﾞﾙｿﾞﾝ  ＳＳ,4185,3180
12847631,AZ8476-006 ﾛｲﾔﾙﾌﾞﾙｰ防寒ﾌﾞﾙｿﾞﾝ     Ｓ,4185,3180
12847632,AZ8476-006 ﾛｲﾔﾙﾌﾞﾙｰ防寒ﾌﾞﾙｿﾞﾝ     Ｍ,4185,3180
12847633,AZ8476-006 ﾛｲﾔﾙﾌﾞﾙｰ防寒ﾌﾞﾙｿﾞﾝ     Ｌ,4185,3180
12847634,AZ8476-006 ﾛｲﾔﾙﾌﾞﾙｰ防寒ﾌﾞﾙｿﾞﾝ   ＬＬ,4185,3180
12847635,AZ8476-006 ﾛｲﾔﾙﾌﾞﾙｰ防寒ﾌﾞﾙｿﾞﾝ    3Ｌ,4410,3380
12847636,AZ8476-006 ﾛｲﾔﾙﾌﾞﾙｰ防寒ﾌﾞﾙｿﾞﾝ    4Ｌ,4545,3480
12847637,AZ8476-006 ﾛｲﾔﾙﾌﾞﾙｰ防寒ﾌﾞﾙｿﾞﾝ    5Ｌ,4635,3480
12940000,江戸打紐 Kﾅｲﾛﾝ 細 C/16 ｲｴﾛｰ   150m巻,940,750
12846200,AZ8462-008 防寒ﾊﾟﾝﾂ ﾈｲﾋﾞｰ ＳＳ,2700,2200
12846201,AZ8462-008 防寒ﾊﾟﾝﾂ ﾈｲﾋﾞｰ Ｓ,2700,2200
12846202,AZ8462-008 防寒ﾊﾟﾝﾂ ﾈｲﾋﾞｰ Ｍ,2700,2200
12846203,AZ8462-008 防寒ﾊﾟﾝﾂ ﾈｲﾋﾞｰ Ｌ,2700,2200
12846204,AZ8462-008 防寒ﾊﾟﾝﾂ ﾈｲﾋﾞｰ ＬＬ,2700,2200
12846205,AZ8462-008 防寒ﾊﾟﾝﾂ ﾈｲﾋﾞｰ 3Ｌ,2950,1840
12846206,AZ8462-008 防寒ﾊﾟﾝﾂ ﾈｲﾋﾞｰ 4Ｌ,3100,1840
12846207,AZ8462-008 防寒ﾊﾟﾝﾂ ﾈｲﾋﾞｰ 5Ｌ,3200,1840
12846208,AZ8462-008 防寒ﾊﾟﾝﾂ ﾈｲﾋﾞｰ 6Ｌ,3700,1840
1,４５９００－０１１　ネービー　長袖ブルゾン　　Ｓ,4550,2520
2,４５９００－０１１　ネービー　長袖ブルゾン　　Ｍ,4550,2520
3,４５９００－０１１　ネービー　長袖ブルゾン　　Ｌ,4550,2520
4,４５９００－０１１　ネービー　長袖ブルゾン　　ＬＬ,4550,2520
5,４５９００－０１１　ネービー　長袖ブルゾン　　ＥＬ,4760,2620
6,４５９００－０１１　ネービー　長袖ブルゾン　　４Ｌ,5690,
7,４５９００－０１１　ネービー　長袖ブルゾン　　５Ｌ,5690,
8,４５９０１－０１１　ネービー　ツータックパンツ　Ｗ７０,3150,1900
9,４５９０１－０１１　ネービー　ツータックパンツ　Ｗ７３,3150,1900
10,４５９０１－０１１　ネービー　ツータックパンツ　Ｗ７６,3150,1900
11,４５９０１－０１１　ネービー　ツータックパンツ　Ｗ７９,3150,1900
12,４５９０１－０１１　ネービー　ツータックパンツ　Ｗ８２,3150,2180
13,４５９０１－０１１　ネービー　ツータックパンツ　Ｗ８５,3150,1900
14,４５９０１－０１１　ネービー　ツータックパンツ　Ｗ８８,3150,1900
15,４５９０１－０１１　ネービー　ツータックパンツ　Ｗ９１,3360,2270
16,４５９０１－０１１　ネービー　ツータックパンツ　Ｗ９６,3360,2000
17,４５９０１－０１１　ネービー　ツータックパンツ　Ｗ１０１,3360,2000
18,４５９０１－０１１　ネービー　ツータックパンツ　Ｗ１０６,3360,2000
19,４５９０１－０１１　ネービー　ツータックパンツ　Ｗ１１２,3750,
20,４５９０１－０１１　ネービー　ツータックパンツ　Ｗ１２０,3750,
21,４７８０６－０１１　ネービー　女子ツータックパンツ　Ｓ,2740,1910
22,４７８０６－０１１　ネービー　女子ツータックパンツ　Ｍ,2740,1910
23,４７８０６－０１１　ネービー　女子ツータックパンツ　Ｌ,2740,1910
24,４７８０６－０１１　ネービー　女子ツータックパンツ　ＬＬ,2740,1910
25,４７８０６－０１１　ネービー　女子ツータックパンツ　ＥＬ,2915,
26,４７８０６－０１１　ネービー　女子ツータックパンツ　４Ｌ,3425,2330
27,４７８０６－０１１　ネービー　女子ツータックパンツ　５Ｌ,3425,2330
79317000,ＡＰＫ３１７０　胸当てエプロン　　ホワイト　　Ｆ,2145,1820
79317300,ＡＰＫ３１７３　胸当てエプロン　　ブルー　　Ｆ,2145,1820
79314200,ＡＰＫ３１４２　　胸当エプロン丈長　　ブルー,3120,2640
ＥＰ,エプロン紐　２０×８００,55,44
11600201,ＳＰ６００フード帽子　　　Ｓ,1260,717
11600202,ＳＰ６００フード帽子　　　Ｍ,1260,717
11600203,ＳＰ６００フード帽子　　　Ｌ,1260,717
11600204,ＳＰ６００フード帽子　　　ＬＬ,1260,717
Ｋ,カーゴポケット外し修理代,250,250
11137000,ＳＰ１３７　胸付エプロン　　Ｆ,,
11600200,ＳＰ６００白フード帽子　線なし　　Ｍ,1260,717
11600300,ＳＰ６００白フード帽子　線なし　　Ｌ,1260,717
11600400,ＳＰ６００白フード帽子　線なし　　ＬＬ,1260,717
11600500,ＳＰ６００白フード帽子　線なし　　３Ｌ,1260,717
,ＳＰ６００白フード帽子　黒１本　　Ｍ,1300,784
,ＳＰ６００白フード帽子　黒１本　　Ｌ,1300,784
,ＳＰ６００白フード帽子　黒１本　　ＬＬ,1300,784
,ＳＰ６００白フード帽子　黒１本　　３Ｌ,1300,784
,ＳＰ６００白フード帽子　黒２本　　Ｍ,1340,851
,ＳＰ６００白フード帽子　黒２本　　Ｌ,1340,851
,ＳＰ６００白フード帽子　黒２本　　ＬＬ,1340,851
,ＳＰ６００白フード帽子　黒２本　　３Ｌ,1340,851
,ＳＰ６００白フード帽子　赤１本　　Ｍ,1300,784
613,ＳＰ６００白フード帽子　赤１本　　Ｌ,1300,784
,ＳＰ６００白フード帽子　赤１本　　ＬＬ,1300,784
,ＳＰ６００白フード帽子　赤１本　　３Ｌ,1300,784
,ＳＰ６００白フード帽子　赤２本　　Ｍ,1340,851
,ＳＰ６００白フード帽子　赤２本　　Ｌ,1340,851
,ＳＰ６００白フード帽子　赤２本　　ＬＬ,1340,851
,ＳＰ６００白フード帽子　赤２本　　３Ｌ,1340,851
,ＳＰ６００白フード帽子　赤太線　　Ｍ,1360,807
,ＳＰ６００白フード帽子　赤太線　　Ｌ,1360,807
,ＳＰ６００白フード帽子　赤太線　　ＬＬ,1360,807
,ＳＰ６００白フード帽子　赤太線　　３Ｌ,1360,807
,ＳＰ６００白フード帽子　グリーンテープ　　Ｍ,1460,872
,ＳＰ６００白フード帽子　グリーンテープ　　Ｌ,1460,872
,ＳＰ６００白フード帽子　グリーンテープ　　ＬＬ,1460,872
,ＳＰ６００白フード帽子　グリーンテープ　　３Ｌ,1460,872
92000001,袖口ゴム絞り,100,60
92000002,裾ゴム絞り,100,60
31,SP152 ｸﾞﾚｰﾒｯｼｭ帽子 黒3本  Ｓ,740,585
32,SP152 ｸﾞﾚｰﾒｯｼｭ帽子 黒3本  Ｍ,740,585
33,SP152 ｸﾞﾚｰﾒｯｼｭ帽子 黒3本  Ｌ,740,585
34,SP152 ｸﾞﾚｰﾒｯｼｭ帽子 黒3本  ＬＬ,740,585
35,SP152 ｸﾞﾚｰﾒｯｼｭ帽子 黒3本  3Ｌ,740,585
3401,Ｔ２６０００後ゴム入り八角帽子　Ｃ/＃０（白）　線なし,900,387
3402,Ｔ２６０００後ゴム入り八角帽子　Ｃ/＃０（白）　黒１本,970,437
3403,Ｔ２６０００後ゴム入り八角帽子　Ｃ/＃０（白）　黒２本,1040,495
3404,Ｔ２６０００後ゴム入り八角帽子　Ｃ/＃０（白）　赤１本,970,437
3405,Ｔ２６０００後ゴム入り八角帽子　Ｃ/＃０（白）　赤２本,1040,495
ｐ１,SP152白ﾒｯｼｭ帽子 ピンクテープ付  Ｓ,690,568
ｐ２,SP152白ﾒｯｼｭ帽子 ピンクテープ付  Ｍ,690,568
ｐ３,SP152白ﾒｯｼｭ帽子 ピンクテープ付  Ｌ,690,568
ｐ４,SP152白ﾒｯｼｭ帽子 ピンクテープ付  ＬＬ,690,568
ｐ５,SP152白ﾒｯｼｭ帽子 ピンクテープ付  ３Ｌ,690,568
13001,ＳＡ１３００－００３　グレー　長袖ツナギ服　　　Ｓ,6255,4650
13002,ＳＡ１３００－００３　グレー　長袖ツナギ服　　　Ｍ,6255,4650
13003,ＳＡ１３００－００３　グレー　長袖ツナギ服　　　Ｌ,6255,4650
13004,ＳＡ１３００－００３　グレー　長袖ツナギ服　　　ＬＬ,6255,4650
13005,ＳＡ１３００－００３　グレー　長袖ツナギ服　　　３Ｌ,6255,4650
13006,ＳＡ１３００－００３　グレー　長袖ツナギ服　　　４Ｌ,6525,
13007,ＳＡ１３００－００３　グレー　長袖ツナギ服　　　５Ｌ,6930,
